,Thrombin,Diameter,Length,Branch,Arch,Rigid,Entry,Flowrate
0,0nihu,3.74,8.47,lcca,model1,1,right,steady
1,0nihu,4.71,6.22,lsub,model1,1,right,steady
2,0nihu,3.42,5.57,rcca,model1,1,right,steady
3,0nihu,3.36,5.12,descending,model1,1,right,steady
4,0nihu,4.29,3.61,descending,model1,1,right,steady
5,0nihu,3.54,7.28,descending,model1,1,right,steady
6,0nihu,3.21,8.02,descending,model1,1,right,steady
7,0nihu,4.31,7.9,descending,model1,1,right,steady
8,0nihu,4.65,7.35,descending,model1,1,right,steady
9,0nihu,3.47,5.23,descending,model1,1,right,steady
10,0nihu,4.89,9.54,descending,model1,1,right,steady
11,0nihu,4.13,4.96,descending,model1,1,right,steady
12,0nihu,3.3,9.88,descending,model1,1,right,steady
13,0nihu,3.62,4.93,descending,model1,1,right,steady
14,0nihu,2.97,7.09,descending,model1,1,right,steady
15,0nihu,3.24,5.6,lcca,model1,1,right,steady
16,0nihu,3.65,4.65,descending,model1,1,right,steady
17,0nihu,3.21,8.8,descending,model1,1,right,steady
18,0nihu,5.05,5.75,descending,model1,1,right,steady
19,0nihu,3.87,3.81,descending,model1,1,right,steady
20,0nihu,5.42,5.43,descending,model1,1,centre,steady
21,0nihu,3.34,5.75,descending,model1,1,centre,steady
22,0nihu,3.06,8.85,descending,model1,1,centre,steady
23,0nihu,4.48,5.45,descending,model1,1,centre,steady
24,0nihu,3.73,6.03,descending,model1,1,centre,steady
25,0nihu,3.8,4.6,descending,model1,1,centre,steady
26,0nihu,3.55,6.85,lcca,model1,1,centre,steady
27,0nihu,6.24,5.3,descending,model1,1,centre,steady
28,0nihu,3.44,4.65,descending,model1,1,centre,steady
29,0nihu,4.26,8.7,descending,model1,1,centre,steady
30,0nihu,3.65,4.27,descending,model1,1,centre,steady
31,0nihu,2.96,5.12,descending,model1,1,centre,steady
32,0nihu,2.95,6.85,descending,model1,1,centre,steady
33,0nihu,2.15,8.57,descending,model1,1,centre,steady
34,0nihu,3.08,6.93,descending,model1,1,centre,steady
35,0nihu,3.01,6.72,descending,model1,1,centre,steady
36,0nihu,2.26,4.43,descending,model1,1,centre,steady
37,0nihu,3.94,3.69,descending,model1,1,centre,steady
38,0nihu,3.21,6.74,descending,model1,1,centre,steady
39,0nihu,2.84,4.07,rcca,model1,1,centre,steady
40,0nihu,3.89,5.05,descending,model1,1,left,steady
41,0nihu,2.5,8.76,descending,model1,1,left,steady
42,0nihu,3.6,7.41,descending,model1,1,left,steady
43,0nihu,3.14,3.51,lcca,model1,1,left,steady
44,0nihu,3.84,7.31,lcca,model1,1,left,steady
45,0nihu,3.61,6.52,rcca,model1,1,left,steady
46,0nihu,2.8,5.4,descending,model1,1,left,steady
47,0nihu,3.4,4.79,descending,model1,1,left,steady
48,0nihu,2.67,3.37,descending,model1,1,left,steady
49,0nihu,3.41,6.53,lcca,model1,1,left,steady
50,0nihu,2.77,9.57,descending,model1,1,left,steady
51,0nihu,2.6,4.83,descending,model1,1,left,steady
52,0nihu,3.57,7.14,rsub,model1,1,left,steady
53,0nihu,4.05,9.7,descending,model1,1,left,steady
54,0nihu,5.97,7.48,descending,model1,1,left,steady
55,0nihu,4.62,4.189,descending,model1,1,left,steady
56,0nihu,6.13,5.84,descending,model1,1,left,steady
57,0nihu,4.22,10.17,descending,model1,1,left,steady
58,0nihu,5.97,6.12,rcca,model1,1,left,steady
59,0nihu,5.97,6.12,descending,model1,1,left,steady
60,0nihu,3.86,4.6,descending,model2,1,right,steady
61,0nihu,3.3,4.3,descending,model2,1,right,steady
62,0nihu,4.19,5.11,rsub,model2,1,right,steady
63,0nihu,3.13,4.59,descending,model2,1,right,steady
64,0nihu,3.29,4.97,descending,model2,1,right,steady
65,0nihu,3.22,11.21,descending,model2,1,right,steady
66,0nihu,3.23,6.85,descending,model2,1,right,steady
67,0nihu,3.06,5.83,descending,model2,1,right,steady
68,0nihu,4.57,5.29,descending,model2,1,right,steady
69,0nihu,4.12,4.66,descending,model2,1,right,steady
70,0nihu,3.57,3.58,descending,model2,1,right,steady
71,0nihu,2.9,3.07,descending,model2,1,right,steady
72,0nihu,3.88,7.54,rsub,model2,1,right,steady
73,0nihu,4.96,6.95,descending,model2,1,right,steady
74,0nihu,4.23,5.09,descending,model2,1,right,steady
75,0nihu,3.21,3.91,descending,model2,1,right,steady
76,0nihu,3.51,6.01,descending,model2,1,right,steady
77,0nihu,4.49,6.38,lsub,model2,1,right,steady
78,0nihu,4.49,6.38,descending,model2,1,right,steady
79,0nihu,3.47,5.76,rsub,model2,1,right,steady
80,0nihu,3.48,6.21,rcca,model2,1,centre,steady
81,0nihu,3.9,6.75,descending,model2,1,centre,steady
82,0nihu,4.4,4.7,descending,model2,1,centre,steady
83,0nihu,3.55,5.03,descending,model2,1,centre,steady
84,0nihu,3.75,4.74,descending,model2,1,centre,steady
85,0nihu,3.57,4.39,lsub,model2,1,centre,steady
86,0nihu,3.48,3.84,descending,model2,1,centre,steady
87,0nihu,3.87,6.25,descending,model2,1,centre,steady
88,0nihu,3.91,6.24,descending,model2,1,centre,steady
89,0nihu,2.72,5.5,lcca,model2,1,centre,steady
90,0nihu,2.07,4.54,descending,model2,1,centre,steady
91,0nihu,3.94,7.69,descending,model2,1,centre,steady
92,0nihu,2.97,4.73,descending,model2,1,centre,steady
93,0nihu,4.1,5.4,descending,model2,1,centre,steady
94,0nihu,3.72,4.02,descending,model2,1,centre,steady
95,0nihu,3.32,8.38,lcca,model2,1,centre,steady
96,0nihu,4.02,6.71,descending,model2,1,centre,steady
97,0nihu,4.02,6.71,descending,model2,1,centre,steady
98,0nihu,3.74,5.81,descending,model2,1,centre,steady
99,0nihu,2.86,5.57,lcca,model2,1,centre,steady
100,0nihu,2.01,4.83,descending,model2,1,left,steady
101,0nihu,2.44,2.52,descending,model2,1,left,steady
102,0nihu,3.72,4.94,descending,model2,1,left,steady
103,0nihu,4.29,7.87,descending,model2,1,left,steady
104,0nihu,4.19,5.54,rcca,model2,1,left,steady
105,0nihu,4.31,6.45,descending,model2,1,left,steady
106,0nihu,3.57,5.1,descending,model2,1,left,steady
107,0nihu,3.77,5.97,descending,model2,1,left,steady
108,0nihu,3.99,4.13,descending,model2,1,left,steady
109,0nihu,2.86,9.75,descending,model2,1,left,steady
110,0nihu,4.17,10.79,descending,model2,1,left,steady
111,0nihu,3.21,6.99,descending,model2,1,left,steady
112,0nihu,4.45,7.53,lsub,model2,1,left,steady
113,0nihu,2.63,7.73,lcca,model2,1,left,steady
114,0nihu,3.91,7.69,descending,model2,1,left,steady
115,0nihu,5.18,5.69,descending,model2,1,left,steady
116,0nihu,5.38,6.69,descending,model2,1,left,steady
117,0nihu,4.13,8.55,descending,model2,1,left,steady
118,0nihu,3.55,6.98,descending,model2,1,left,steady
119,0nihu,3.46,4.24,descending,model2,1,left,steady
120,0nihu,3.32,3.44,descending,model3,1,right,steady
121,0nihu,2.86,4.89,descending,model3,1,right,steady
122,0nihu,3.64,3.97,descending,model3,1,right,steady
123,0nihu,4.0,4.73,descending,model3,1,right,steady
124,0nihu,4.28,6.1,descending,model3,1,right,steady
125,0nihu,3.38,3.41,descending,model3,1,right,steady
126,0nihu,3.68,7.15,descending,model3,1,right,steady
127,0nihu,2.55,6.28,lsub,model3,1,right,steady
128,0nihu,3.38,5.24,descending,model3,1,right,steady
129,0nihu,3.41,3.94,descending,model3,1,right,steady
130,0nihu,3.51,7.89,descending,model3,1,right,steady
131,0nihu,3.09,4.89,descending,model3,1,right,steady
132,0nihu,2.78,4.77,lsub,model3,1,right,steady
133,0nihu,3.58,4.18,descending,model3,1,right,steady
134,0nihu,4.14,4.25,descending,model3,1,right,steady
135,0nihu,2.67,6.18,descending,model3,1,right,steady
136,0nihu,4.0,4.28,lcca,model3,1,right,steady
137,0nihu,3.2,3.79,descending,model3,1,right,steady
138,0nihu,2.5,3.59,lsub,model3,1,right,steady
139,0nihu,3.5,3.52,descending,model3,1,right,steady
140,0nihu,2.77,7.76,lsub,model3,1,centre,steady
141,0nihu,3.2,3.9,descending,model3,1,centre,steady
142,0nihu,3.58,5.79,lcca,model3,1,centre,steady
143,0nihu,3.51,4.78,descending,model3,1,centre,steady
144,0nihu,4.21,7.31,descending,model3,1,centre,steady
145,0nihu,2.51,5.65,descending,model3,1,centre,steady
146,0nihu,3.02,6.17,descending,model3,1,centre,steady
147,0nihu,3.39,5.5,descending,model3,1,centre,steady
148,0nihu,3.18,3.99,lcca,model3,1,centre,steady
149,0nihu,2.78,5.72,descending,model3,1,centre,steady
150,0nihu,4.48,6.33,descending,model3,1,centre,steady
151,0nihu,4.28,5.24,rcca,model3,1,centre,steady
152,0nihu,4.29,3.46,descending,model3,1,centre,steady
153,0nihu,3.49,5.16,descending,model3,1,centre,steady
154,0nihu,3.47,4.12,descending,model3,1,centre,steady
155,0nihu,2.77,5.86,lsub,model3,1,centre,steady
156,0nihu,3.6,4.03,lcca,model3,1,centre,steady
157,0nihu,4.04,4.16,lcca,model3,1,centre,steady
158,0nihu,3.39,7.29,rsub,model3,1,centre,steady
159,0nihu,2.92,5.12,descending,model3,1,centre,steady
160,0nihu,4.18,7.42,descending,model3,1,left,steady
161,0nihu,2.89,4.83,rcca,model3,1,left,steady
162,0nihu,3.73,4.8,lcca,model3,1,left,steady
163,0nihu,3.45,4.65,descending,model3,1,left,steady
164,0nihu,3.77,6.38,descending,model3,1,left,steady
165,0nihu,3.77,5.54,rcca,model3,1,left,steady
166,0nihu,4.32,4.98,descending,model3,1,left,steady
167,0nihu,3.5,5.71,descending,model3,1,left,steady
168,0nihu,3.41,3.61,descending,model3,1,left,steady
169,0nihu,3.06,8.05,lsub,model3,1,left,steady
170,0nihu,3.96,4.56,descending,model3,1,left,steady
171,0nihu,2.62,3.63,descending,model3,1,left,steady
172,0nihu,2.96,5.0,descending,model3,1,left,steady
173,0nihu,3.79,4.59,descending,model3,1,left,steady
174,0nihu,3.13,4.02,descending,model3,1,left,steady
175,0nihu,3.91,4.93,rsub,model3,1,left,steady
176,0nihu,4.0,5.59,descending,model3,1,left,steady
177,0nihu,3.07,6.91,descending,model3,1,left,steady
178,0nihu,4.07,5.81,descending,model3,1,left,steady
179,0nihu,5.12,6.71,descending,model3,1,left,steady
180,0nihu,5.16,7.81,descending,model4,1,right,steady
181,0nihu,3.66,5.54,descending,model4,1,right,steady
182,0nihu,3.88,8.79,rsub,model4,1,right,steady
183,0nihu,4.5,5.72,rsub,model4,1,right,steady
184,0nihu,3.65,7.69,descending,model4,1,right,steady
185,0nihu,3.83,4.15,lcca,model4,1,right,steady
186,0nihu,3.56,6.48,descending,model4,1,right,steady
187,0nihu,4.1,6.65,descending,model4,1,right,steady
188,0nihu,4.58,8.86,descending,model4,1,right,steady
189,0nihu,4.68,5.56,descending,model4,1,right,steady
190,0nihu,3.59,3.93,descending,model4,1,right,steady
191,0nihu,3.41,12.11,descending,model4,1,right,steady
192,0nihu,3.93,4.61,descending,model4,1,right,steady
193,0nihu,4.48,6.56,lcca,model4,1,right,steady
194,0nihu,3.03,3.9,lcca,model4,1,right,steady
195,0nihu,5.45,5.71,descending,model4,1,right,steady
196,0nihu,2.78,5.49,rsub,model4,1,right,steady
197,0nihu,3.63,12.07,descending,model4,1,right,steady
198,0nihu,3.86,4.51,descending,model4,1,right,steady
199,0nihu,5.13,7.15,lcca,model4,1,right,steady
200,0nihu,5.13,7.15,descending,model4,1,centre,steady
201,0nihu,5.31,12.42,descending,model4,1,centre,steady
202,0nihu,3.24,11.19,descending,model4,1,centre,steady
203,0nihu,2.51,7.9,descending,model4,1,centre,steady
204,0nihu,2.51,8.0,descending,model4,1,centre,steady
205,0nihu,3.28,5.78,descending,model4,1,centre,steady
206,0nihu,3.99,8.19,descending,model4,1,centre,steady
207,0nihu,4.3,10.44,descending,model4,1,centre,steady
208,0nihu,3.52,9.08,descending,model4,1,centre,steady
209,0nihu,3.6,5.48,descending,model4,1,centre,steady
210,0nihu,6.75,7.29,descending,model4,1,centre,steady
211,0nihu,3.02,3.72,descending,model4,1,centre,steady
212,0nihu,4.37,8.02,descending,model4,1,centre,steady
213,0nihu,3.77,8.55,descending,model4,1,centre,steady
214,0nihu,3.03,5.23,lcca,model4,1,centre,steady
215,0nihu,3.43,5.1,rsub,model4,1,centre,steady
216,0nihu,3.85,8.71,descending,model4,1,centre,steady
217,0nihu,2.88,4.93,descending,model4,1,centre,steady
218,0nihu,3.2,5.61,descending,model4,1,centre,steady
219,0nihu,3.55,4.32,descending,model4,1,centre,steady
220,0nihu,4.25,5.02,descending,model4,1,left,steady
221,0nihu,3.33,7.12,descending,model4,1,left,steady
222,0nihu,4.28,5.9,descending,model4,1,left,steady
223,0nihu,3.88,5.97,descending,model4,1,left,steady
224,0nihu,3.84,6.21,descending,model4,1,left,steady
225,0nihu,3.08,3.29,descending,model4,1,left,steady
226,0nihu,3.19,6.95,descending,model4,1,left,steady
227,0nihu,3.15,7.59,descending,model4,1,left,steady
228,0nihu,3.78,9.05,descending,model4,1,left,steady
229,0nihu,4.19,3.62,lsub,model4,1,left,steady
230,0nihu,4.54,6.48,descending,model4,1,left,steady
231,0nihu,4.77,4.97,descending,model4,1,left,steady
232,0nihu,3.4,6.22,descending,model4,1,left,steady
233,0nihu,3.08,6.78,descending,model4,1,left,steady
234,0nihu,3.61,5.31,descending,model4,1,left,steady
235,0nihu,3.31,6.74,lcca,model4,1,left,steady
236,0nihu,3.79,5.54,lsub,model4,1,left,steady
237,0nihu,3.11,7.01,descending,model4,1,left,steady
238,0nihu,3.86,7.74,lsub,model4,1,left,steady
239,0nihu,4.33,6.78,descending,model4,1,left,steady
240,0nihu,4.1,5.61,descending,model4,1,right,normal
241,0nihu,3.66,4.66,lcca,model4,1,right,normal
242,0nihu,4.0,5.56,descending,model4,1,right,normal
243,0nihu,3.96,6.21,descending,model4,1,right,normal
244,0nihu,2.84,5.67,lcca,model4,1,right,normal
245,0nihu,3.89,5.03,descending,model4,1,right,normal
246,0nihu,3.76,4.52,descending,model4,1,right,normal
247,0nihu,3.6,7.17,descending,model4,1,right,normal
248,0nihu,5.02,5.02,lsub,model4,1,right,normal
249,0nihu,3.19,6.62,descending,model4,1,right,normal
250,0nihu,4.06,5.41,descending,model4,1,right,normal
251,0nihu,2.71,4.65,descending,model4,1,right,normal
252,0nihu,3.53,4.41,descending,model4,1,right,normal
253,0nihu,4.04,4.12,descending,model4,1,right,normal
254,0nihu,3.5,7.09,descending,model4,1,right,normal
255,0nihu,2.87,6.7,rsub,model4,1,right,normal
256,0nihu,3.89,6.71,rsub,model4,1,right,normal
257,0nihu,3.01,5.88,lsub,model4,1,right,normal
258,0nihu,3.0,5.5,descending,model4,1,right,normal
259,0nihu,3.82,5.08,lcca,model4,1,right,normal
260,0nihu,3.58,8.71,descending,model4,1,centre,normal
261,0nihu,3.35,6.8,rsub,model4,1,centre,normal
262,0nihu,4.17,7.36,descending,model4,1,centre,normal
263,0nihu,2.86,4.85,lsub,model4,1,centre,normal
264,0nihu,4.28,6.76,descending,model4,1,centre,normal
265,0nihu,4.18,5.2,lcca,model4,1,centre,normal
266,0nihu,3.1,7.0,descending,model4,1,centre,normal
267,0nihu,2.94,5.78,descending,model4,1,centre,normal
268,0nihu,3.31,7.15,descending,model4,1,centre,normal
269,0nihu,2.5,9.07,descending,model4,1,centre,normal
270,0nihu,2.73,8.13,rsub,model4,1,centre,normal
271,0nihu,3.71,5.05,rcca,model4,1,centre,normal
272,0nihu,3.25,5.95,lcca,model4,1,centre,normal
273,0nihu,3.36,4.64,descending,model4,1,centre,normal
274,0nihu,4.44,4.45,descending,model4,1,centre,normal
275,0nihu,3.39,3.42,rcca,model4,1,centre,normal
276,0nihu,4.37,5.0,descending,model4,1,centre,normal
277,0nihu,4.52,5.3,descending,model4,1,centre,normal
278,0nihu,3.88,9.46,descending,model4,1,centre,normal
279,0nihu,3.82,5.8,lsub,model4,1,centre,normal
280,0nihu,3.59,6.76,descending,model4,1,left,normal
281,0nihu,4.28,8.99,descending,model4,1,left,normal
282,0nihu,5.05,5.32,descending,model4,1,left,normal
283,0nihu,3.61,4.49,rsub,model4,1,left,normal
284,0nihu,3.69,8.37,descending,model4,1,left,normal
285,0nihu,4.53,7.55,descending,model4,1,left,normal
286,0nihu,3.82,4.7,rsub,model4,1,left,normal
287,0nihu,3.61,7.58,descending,model4,1,left,normal
288,0nihu,3.49,4.19,descending,model4,1,left,normal
289,0nihu,4.03,4.29,lcca,model4,1,left,normal
290,0nihu,3.26,6.04,descending,model4,1,left,normal
291,0nihu,3.73,5.67,descending,model4,1,left,normal
292,0nihu,3.8,7.14,lcca,model4,1,left,normal
293,0nihu,3.26,5.98,descending,model4,1,left,normal
294,0nihu,4.6,6.13,descending,model4,1,left,normal
295,0nihu,3.4,6.05,lcca,model4,1,left,normal
296,0nihu,3.64,4.78,rsub,model4,1,left,normal
297,0nihu,3.3,3.46,descending,model4,1,left,normal
298,0nihu,3.21,5.62,rcca,model4,1,left,normal
299,0nihu,3.08,6.92,rsub,model4,1,left,normal
300,0nihu,3.22,5.92,rsub,model3,1,right,normal
301,0nihu,2.88,4.8,descending,model3,1,right,normal
302,0nihu,4.65,3.89,descending,model3,1,right,normal
303,0nihu,3.48,6.51,descending,model3,1,right,normal
304,0nihu,2.89,5.57,descending,model3,1,right,normal
305,0nihu,3.74,4.76,descending,model3,1,right,normal
306,0nihu,3.71,4.46,descending,model3,1,right,normal
307,0nihu,3.51,6.26,descending,model3,1,right,normal
308,0nihu,5.55,5.58,descending,model3,1,right,normal
309,0nihu,4.02,4.68,descending,model3,1,right,normal
310,0nihu,4.46,5.8,rsub,model3,1,right,normal
311,0nihu,5.25,5.25,descending,model3,1,right,normal
312,0nihu,3.14,11.88,descending,model3,1,right,normal
313,0nihu,4.21,8.31,descending,model3,1,right,normal
314,0nihu,3.91,3.91,descending,model3,1,right,normal
315,0nihu,3.96,5.16,descending,model3,1,right,normal
316,0nihu,2.68,5.61,lcca,model3,1,right,normal
317,0nihu,4.38,7.22,descending,model3,1,right,normal
318,0nihu,4.43,10.82,descending,model3,1,right,normal
319,0nihu,4.08,9.42,descending,model3,1,right,normal
320,0nihu,2.9,5.39,descending,model3,1,centre,normal
321,0nihu,2.06,4.96,rsub,model3,1,centre,normal
322,0nihu,3.5,6.16,lsub,model3,1,centre,normal
323,0nihu,3.13,8.24,lsub,model3,1,centre,normal
324,0nihu,4.35,6.73,lsub,model3,1,centre,normal
325,0nihu,3.42,5.46,descending,model3,1,centre,normal
326,0nihu,3.58,6.05,descending,model3,1,centre,normal
327,0nihu,3.47,3.5,descending,model3,1,centre,normal
328,0nihu,3.67,4.31,descending,model3,1,centre,normal
329,0nihu,2.49,11.63,descending,model3,1,centre,normal
330,0nihu,2.9,6.95,descending,model3,1,centre,normal
331,0nihu,4.22,5.99,rcca,model3,1,centre,normal
332,0nihu,2.99,6.14,descending,model3,1,centre,normal
333,0nihu,4.15,5.0,descending,model3,1,centre,normal
334,0nihu,4.33,6.77,descending,model3,1,centre,normal
335,0nihu,3.53,6.04,descending,model3,1,centre,normal
336,0nihu,3.91,6.64,rcca,model3,1,centre,normal
337,0nihu,5.52,5.86,descending,model3,1,centre,normal
338,0nihu,3.64,6.01,lcca,model3,1,centre,normal
339,0nihu,3.94,6.15,lsub,model3,1,centre,normal
340,0nihu,3.4,5.16,descending,model3,1,left,normal
341,0nihu,4.41,4.98,descending,model3,1,left,normal
342,0nihu,3.12,5.18,rsub,model3,1,left,normal
343,0nihu,3.4,5.38,descending,model3,1,left,normal
344,0nihu,2.48,5.41,descending,model3,1,left,normal
345,0nihu,3.25,6.25,descending,model3,1,left,normal
346,0nihu,3.85,7.36,descending,model3,1,left,normal
347,0nihu,3.71,6.52,descending,model3,1,left,normal
348,0nihu,3.06,6.28,descending,model3,1,left,normal
349,0nihu,3.35,7.02,descending,model3,1,left,normal
350,0nihu,3.66,9.09,descending,model3,1,left,normal
351,0nihu,3.21,6.8,descending,model3,1,left,normal
352,0nihu,3.87,5.53,descending,model3,1,left,normal
353,0nihu,2.34,4.51,descending,model3,1,left,normal
354,0nihu,2.34,4.57,rsub,model3,1,left,normal
355,0nihu,3.05,4.04,descending,model3,1,left,normal
356,0nihu,3.44,7.25,descending,model3,1,left,normal
357,0nihu,2.24,10.48,descending,model3,1,left,normal
358,0nihu,4.23,9.09,rcca,model3,1,left,normal
359,0nihu,3.39,9.71,descending,model3,1,left,normal
360,0nihu,3.05,6.66,lcca,model2,1,right,normal
361,0nihu,2.66,5.19,descending,model2,1,right,normal
362,0nihu,4.39,4.68,descending,model2,1,right,normal
363,0nihu,4.37,4.89,descending,model2,1,right,normal
364,0nihu,4.16,6.59,descending,model2,1,right,normal
365,0nihu,3.26,5.2,descending,model2,1,right,normal
366,0nihu,3.26,5.59,rsub,model2,1,right,normal
367,0nihu,2.61,5.06,descending,model2,1,right,normal
368,0nihu,3.38,6.03,descending,model2,1,right,normal
369,0nihu,3.57,7.65,lsub,model2,1,right,normal
370,0nihu,3.76,10.07,descending,model2,1,right,normal
371,0nihu,4.56,4.79,lsub,model2,1,right,normal
372,0nihu,2.79,5.13,rsub,model2,1,right,normal
373,0nihu,3.49,6.21,descending,model2,1,right,normal
374,0nihu,4.45,9.17,descending,model2,1,right,normal
375,0nihu,3.31,4.52,lsub,model2,1,right,normal
376,0nihu,4.26,6.44,descending,model2,1,right,normal
377,0nihu,2.07,7.32,descending,model2,1,right,normal
378,0nihu,2.91,2.87,descending,model2,1,right,normal
379,0nihu,2.93,5.5,lsub,model2,1,right,normal
380,0nihu,3.93,7.22,rsub,model2,1,centre,normal
381,0nihu,3.43,9.48,descending,model2,1,centre,normal
382,0nihu,3.13,6.59,descending,model2,1,centre,normal
383,0nihu,3.27,10.46,lsub,model2,1,centre,normal
384,0nihu,3.71,9.72,descending,model2,1,centre,normal
385,0nihu,3.26,3.84,descending,model2,1,centre,normal
386,0nihu,3.75,6.2,descending,model2,1,centre,normal
387,0nihu,2.59,7.02,descending,model2,1,centre,normal
388,0nihu,4.86,5.12,descending,model2,1,centre,normal
389,0nihu,3.16,3.84,descending,model2,1,centre,normal
390,0nihu,3.68,3.17,descending,model2,1,centre,normal
391,0nihu,3.65,4.66,descending,model2,1,centre,normal
392,0nihu,4.01,7.32,lsub,model2,1,centre,normal
393,0nihu,2.72,5.64,descending,model2,1,centre,normal
394,0nihu,3.58,5.66,descending,model2,1,centre,normal
395,0nihu,1.74,8.36,lcca,model2,1,centre,normal
396,0nihu,2.8,5.86,rcca,model2,1,centre,normal
397,0nihu,3.08,8.18,descending,model2,1,centre,normal
398,0nihu,3.12,7.89,descending,model2,1,centre,normal
399,0nihu,2.94,7.18,lcca,model2,1,centre,normal
400,0nihu,2.98,4.64,descending,model2,1,left,normal
401,0nihu,2.09,11.52,rsub,model2,1,left,normal
402,0nihu,2.08,8.53,descending,model2,1,left,normal
403,0nihu,3.2,4.88,descending,model2,1,left,normal
404,0nihu,3.58,6.94,descending,model2,1,left,normal
405,0nihu,3.19,7.9,descending,model2,1,left,normal
406,0nihu,4.26,7.96,descending,model2,1,left,normal
407,0nihu,3.63,6.19,descending,model2,1,left,normal
408,0nihu,2.88,7.59,descending,model2,1,left,normal
409,0nihu,4.08,6.24,descending,model2,1,left,normal
410,0nihu,2.55,5.49,rsub,model2,1,left,normal
411,0nihu,3.14,6.67,descending,model2,1,left,normal
412,0nihu,2.85,7.79,lcca,model2,1,left,normal
413,0nihu,3.05,5.42,descending,model2,1,left,normal
414,0nihu,2.93,5.72,lsub,model2,1,left,normal
415,0nihu,3.22,7.18,descending,model2,1,left,normal
416,0nihu,3.56,6.27,descending,model2,1,left,normal
417,0nihu,3.15,7.28,descending,model2,1,left,normal
418,0nihu,2.62,5.88,descending,model2,1,left,normal
419,0nihu,2.62,5.88,lcca,model2,1,left,normal
420,0nihu,4.11,6.66,descending,model1,1,right,normal
421,0nihu,4.45,7.04,descending,model1,1,right,normal
422,0nihu,3.88,10.1,descending,model1,1,right,normal
423,0nihu,3.58,7.22,lcca,model1,1,right,normal
424,0nihu,2.97,7.15,descending,model1,1,right,normal
425,0nihu,4.82,9.33,descending,model1,1,right,normal
426,0nihu,3.83,7.91,descending,model1,1,right,normal
427,0nihu,4.41,6.44,descending,model1,1,right,normal
428,0nihu,3.98,5.74,descending,model1,1,right,normal
429,0nihu,2.78,4.63,descending,model1,1,right,normal
430,0nihu,3.4,7.9,descending,model1,1,right,normal
431,0nihu,3.64,4.66,descending,model1,1,right,normal
432,0nihu,5.53,5.65,descending,model1,1,right,normal
433,0nihu,4.12,6.87,descending,model1,1,right,normal
434,0nihu,4.02,7.0,rsub,model1,1,right,normal
435,0nihu,3.33,6.92,descending,model1,1,right,normal
436,0nihu,5.6,7.67,rsub,model1,1,right,normal
437,0nihu,4.23,7.31,rsub,model1,1,right,normal
438,0nihu,4.69,7.72,descending,model1,1,right,normal
439,0nihu,3.89,4.41,rsub,model1,1,right,normal
440,0nihu,3.55,9.63,descending,model1,1,centre,normal
441,0nihu,4.13,9.64,descending,model1,1,centre,normal
442,0nihu,3.24,6.12,descending,model1,1,centre,normal
443,0nihu,3.03,5.12,descending,model1,1,centre,normal
444,0nihu,3.05,7.23,descending,model1,1,centre,normal
445,0nihu,4.24,4.82,descending,model1,1,centre,normal
446,0nihu,3.12,6.66,lsub,model1,1,centre,normal
447,0nihu,3.86,10.17,descending,model1,1,centre,normal
448,0nihu,3.5,7.03,descending,model1,1,centre,normal
449,0nihu,4.83,5.19,rsub,model1,1,centre,normal
450,0nihu,3.34,6.77,rcca,model1,1,centre,normal
451,0nihu,2.32,3.9,descending,model1,1,centre,normal
452,0nihu,2.81,8.18,descending,model1,1,centre,normal
453,0nihu,3.88,5.99,descending,model1,1,centre,normal
454,0nihu,3.83,5.49,descending,model1,1,centre,normal
455,0nihu,2.71,5.73,descending,model1,1,centre,normal
456,0nihu,4.71,7.83,lsub,model1,1,centre,normal
457,0nihu,3.53,7.19,descending,model1,1,centre,normal
458,0nihu,3.14,6.48,lsub,model1,1,centre,normal
459,0nihu,3.37,7.28,lsub,model1,1,centre,normal
460,0nihu,3.25,6.36,descending,model1,1,left,normal
461,0nihu,4.09,6.4,lcca,model1,1,left,normal
462,0nihu,3.59,7.57,descending,model1,1,left,normal
463,0nihu,2.5,4.72,descending,model1,1,left,normal
464,0nihu,3.33,4.62,descending,model1,1,left,normal
465,0nihu,4.14,5.74,descending,model1,1,left,normal
466,0nihu,2.75,10.87,descending,model1,1,left,normal
467,0nihu,4.23,4.39,descending,model1,1,left,normal
468,0nihu,4.01,8.6,descending,model1,1,left,normal
469,0nihu,4.47,5.75,descending,model1,1,left,normal
470,0nihu,3.77,5.41,rcca,model1,1,left,normal
471,0nihu,4.43,9.13,descending,model1,1,left,normal
472,0nihu,3.18,6.32,rsub,model1,1,left,normal
473,0nihu,2.71,5.61,descending,model1,1,left,normal
474,0nihu,3.89,4.49,descending,model1,1,left,normal
475,0nihu,3.84,10.28,descending,model1,1,left,normal
476,0nihu,3.13,6.04,descending,model1,1,left,normal
477,0nihu,4.31,6.15,descending,model1,1,left,normal
478,0nihu,3.62,4.76,descending,model1,1,left,normal
479,0nihu,2.08,8.6,lsub,model1,1,left,normal
480,0nihu,3.26,4.63,descending,model4,1,right,af
481,0nihu,3.94,5.63,rsub,model4,1,right,af
482,0nihu,4.32,6.58,lcca,model4,1,right,af
483,0nihu,4.2,5.33,rsub,model4,1,right,af
484,0nihu,2.95,13.8,descending,model4,1,right,af
485,0nihu,3.27,3.62,descending,model4,1,right,af
486,0nihu,3.59,8.04,lsub,model4,1,right,af
487,0nihu,3.14,5.84,lsub,model4,1,right,af
488,0nihu,3.23,4.63,descending,model4,1,right,af
489,0nihu,4.12,8.79,lcca,model4,1,right,af
490,0nihu,3.41,3.84,descending,model4,1,right,af
491,0nihu,4.12,6.84,descending,model4,1,right,af
492,0nihu,3.7,5.58,descending,model4,1,right,af
493,0nihu,4.01,7.24,descending,model4,1,right,af
494,0nihu,3.29,5.47,descending,model4,1,right,af
495,0nihu,4.4,5.37,descending,model4,1,right,af
496,0nihu,5.82,7.44,descending,model4,1,right,af
497,0nihu,4.03,4.13,lsub,model4,1,right,af
498,0nihu,3.68,6.32,descending,model4,1,right,af
499,0nihu,4.09,4.32,rsub,model4,1,right,af
500,0nihu,3.08,4.95,descending,model4,1,centre,af
501,0nihu,4.64,5.97,descending,model4,1,centre,af
502,0nihu,3.08,7.5,lsub,model4,1,centre,af
503,0nihu,3.31,5.34,lsub,model4,1,centre,af
504,0nihu,3.55,5.44,lcca,model4,1,centre,af
505,0nihu,2.97,4.77,descending,model4,1,centre,af
506,0nihu,3.42,5.34,rsub,model4,1,centre,af
507,0nihu,3.53,5.67,descending,model4,1,centre,af
508,0nihu,3.45,7.11,descending,model4,1,centre,af
509,0nihu,3.63,4.3,lsub,model4,1,centre,af
510,0nihu,3.42,4.09,descending,model4,1,centre,af
511,0nihu,3.01,4.28,descending,model4,1,centre,af
512,0nihu,3.42,4.06,descending,model4,1,centre,af
513,0nihu,3.51,4.07,lcca,model4,1,centre,af
514,0nihu,3.28,3.46,rsub,model4,1,centre,af
515,0nihu,3.29,5.54,lcca,model4,1,centre,af
516,0nihu,1.97,5.61,lcca,model4,1,centre,af
517,0nihu,4.24,4.58,lsub,model4,1,centre,af
518,0nihu,2.89,5.6,descending,model4,1,centre,af
519,0nihu,3.16,4.34,descending,model4,1,centre,af
520,0nihu,2.6,12.56,descending,model4,1,left,af
521,0nihu,3.95,4.95,descending,model4,1,left,af
522,0nihu,3.95,4.95,descending,model4,1,left,af
523,0nihu,3.47,5.11,descending,model4,1,left,af
524,0nihu,3.73,6.17,rsub,model4,1,left,af
525,0nihu,3.2,5.85,descending,model4,1,left,af
526,0nihu,2.47,5.88,descending,model4,1,left,af
527,0nihu,3.41,7.5,rsub,model4,1,left,af
528,0nihu,3.05,3.56,descending,model4,1,left,af
529,0nihu,2.96,6.51,descending,model4,1,left,af
530,0nihu,3.44,6.21,descending,model4,1,left,af
531,0nihu,3.16,6.71,lcca,model4,1,left,af
532,0nihu,4.27,5.61,rsub,model4,1,left,af
533,0nihu,3.64,7.5,lsub,model4,1,left,af
534,0nihu,3.78,5.21,lcca,model4,1,left,af
535,0nihu,3.6,10.44,lsub,model4,1,left,af
536,0nihu,3.72,6.23,lcca,model4,1,left,af
537,0nihu,5.78,8.39,descending,model4,1,left,af
538,0nihu,2.88,5.38,rcca,model4,1,left,af
539,0nihu,3.08,4.99,descending,model4,1,left,af
540,0nihu,3.13,9.32,descending,model3,1,right,af
541,0nihu,4.26,5.18,lcca,model3,1,right,af
542,0nihu,2.68,4.45,descending,model3,1,right,af
543,0nihu,2.58,4.91,descending,model3,1,right,af
544,0nihu,2.33,6.99,descending,model3,1,right,af
545,0nihu,3.22,5.15,rcca,model3,1,right,af
546,0nihu,3.14,7.0,rsub,model3,1,right,af
547,0nihu,4.02,4.62,descending,model3,1,right,af
548,0nihu,2.76,6.7,descending,model3,1,right,af
549,0nihu,3.29,4.99,descending,model3,1,right,af
550,0nihu,3.82,7.47,lcca,model3,1,right,af
551,0nihu,2.92,3.89,descending,model3,1,right,af
552,0nihu,2.13,5.57,descending,model3,1,right,af
553,0nihu,4.08,4.49,rcca,model3,1,right,af
554,0nihu,3.44,5.81,descending,model3,1,right,af
555,0nihu,3.36,4.66,descending,model3,1,right,af
556,0nihu,3.56,5.4,rsub,model3,1,right,af
557,0nihu,3.86,4.64,descending,model3,1,right,af
558,0nihu,3.33,5.08,rsub,model3,1,right,af
559,0nihu,3.44,6.07,lcca,model3,1,right,af
560,0nihu,3.72,8.95,descending,model3,1,centre,af
561,0nihu,2.72,6.77,descending,model3,1,centre,af
562,0nihu,2.81,6.86,lsub,model3,1,centre,af
563,0nihu,3.62,6.54,descending,model3,1,centre,af
564,0nihu,3.63,3.91,lsub,model3,1,centre,af
565,0nihu,2.73,10.9,descending,model3,1,centre,af
566,0nihu,3.04,6.06,rsub,model3,1,centre,af
567,0nihu,4.13,4.62,descending,model3,1,centre,af
568,0nihu,2.79,6.22,rcca,model3,1,centre,af
569,0nihu,4.2,4.48,descending,model3,1,centre,af
570,0nihu,3.63,6.77,descending,model3,1,centre,af
571,0nihu,4.3,4.47,descending,model3,1,centre,af
572,0nihu,2.76,6.32,descending,model3,1,centre,af
573,0nihu,2.72,3.26,descending,model3,1,centre,af
574,0nihu,1.99,4.41,descending,model3,1,centre,af
575,0nihu,3.18,4.91,descending,model3,1,centre,af
576,0nihu,2.1,5.45,descending,model3,1,centre,af
577,0nihu,3.33,3.33,descending,model3,1,centre,af
578,0nihu,4.06,7.4,rsub,model3,1,centre,af
579,0nihu,2.98,4.14,rcca,model3,1,centre,af
580,0nihu,4.69,5.61,descending,model3,1,left,af
581,0nihu,4.7,5.84,descending,model3,1,left,af
582,0nihu,4.51,6.49,descending,model3,1,left,af
583,0nihu,4.97,6.18,descending,model3,1,left,af
584,0nihu,4.1,6.7,rsub,model3,1,left,af
585,0nihu,3.56,6.67,descending,model3,1,left,af
586,0nihu,3.44,4.51,lsub,model3,1,left,af
587,0nihu,3.55,8.96,descending,model3,1,left,af
588,0nihu,3.63,5.28,lsub,model3,1,left,af
589,0nihu,3.73,6.54,descending,model3,1,left,af
590,0nihu,3.25,8.77,rcca,model3,1,left,af
591,0nihu,3.71,7.46,lcca,model3,1,left,af
592,0nihu,3.83,5.33,descending,model3,1,left,af
593,0nihu,3.61,8.97,lsub,model3,1,left,af
594,0nihu,3.43,7.43,descending,model3,1,left,af
595,0nihu,3.61,7.29,descending,model3,1,left,af
596,0nihu,4.05,7.39,descending,model3,1,left,af
597,0nihu,3.52,6.71,descending,model3,1,left,af
598,0nihu,3.31,3.46,rsub,model3,1,left,af
599,0nihu,3.87,6.13,descending,model3,1,left,af
600,0nihu,4.19,6.53,descending,model2,1,right,af
601,0nihu,5.28,8.33,descending,model2,1,right,af
602,0nihu,5.23,5.8,descending,model2,1,right,af
603,0nihu,4.7,7.92,descending,model2,1,right,af
604,0nihu,4.17,5.7,lcca,model2,1,right,af
605,0nihu,4.73,3.56,lcca,model2,1,right,af
606,0nihu,5.18,7.13,descending,model2,1,right,af
607,0nihu,3.48,6.67,lcca,model2,1,right,af
608,0nihu,3.61,8.64,descending,model2,1,right,af
609,0nihu,3.85,4.72,descending,model2,1,right,af
610,0nihu,2.97,5.95,descending,model2,1,right,af
611,0nihu,3.45,4.67,descending,model2,1,right,af
612,0nihu,3.91,4.58,descending,model2,1,right,af
613,0nihu,3.79,6.2,descending,model2,1,right,af
614,0nihu,4.01,7.78,descending,model2,1,right,af
615,0nihu,4.41,5.73,descending,model2,1,right,af
616,0nihu,2.94,7.04,descending,model2,1,right,af
617,0nihu,3.4,4.59,descending,model2,1,right,af
618,0nihu,3.73,6.44,rsub,model2,1,right,af
619,0nihu,3.63,5.35,descending,model2,1,right,af
620,0nihu,4.19,4.46,descending,model2,1,centre,af
621,0nihu,3.21,5.59,descending,model2,1,centre,af
622,0nihu,3.73,4.73,descending,model2,1,centre,af
623,0nihu,3.13,5.57,descending,model2,1,centre,af
624,0nihu,4.9,6.88,descending,model2,1,centre,af
625,0nihu,4.08,6.14,descending,model2,1,centre,af
626,0nihu,3.57,6.75,descending,model2,1,centre,af
627,0nihu,3.64,5.16,descending,model2,1,centre,af
628,0nihu,4.14,5.27,descending,model2,1,centre,af
629,0nihu,4.62,5.98,descending,model2,1,centre,af
630,0nihu,3.14,3.85,lcca,model2,1,centre,af
631,0nihu,4.36,6.17,descending,model2,1,centre,af
632,0nihu,3.49,8.9,descending,model2,1,centre,af
633,0nihu,4.29,7.59,descending,model2,1,centre,af
634,0nihu,4.41,5.59,descending,model2,1,centre,af
635,0nihu,5.41,8.99,descending,model2,1,centre,af
636,0nihu,4.55,4.89,descending,model2,1,centre,af
637,0nihu,3.32,5.86,descending,model2,1,centre,af
638,0nihu,3.71,5.22,lcca,model2,1,centre,af
639,0nihu,3.78,7.06,lcca,model2,1,centre,af
640,0nihu,4.1,8.04,descending,model2,1,left,af
641,0nihu,3.83,6.49,rsub,model2,1,left,af
642,0nihu,3.79,7.92,rsub,model2,1,left,af
643,0nihu,2.97,4.91,rsub,model2,1,left,af
644,0nihu,4.33,5.27,descending,model2,1,left,af
645,0nihu,3.63,5.21,descending,model2,1,left,af
646,0nihu,3.95,7.43,descending,model2,1,left,af
647,0nihu,3.65,9.22,descending,model2,1,left,af
648,0nihu,3.96,4.92,lsub,model2,1,left,af
649,0nihu,4.14,5.93,descending,model2,1,left,af
650,0nihu,3.59,6.75,descending,model2,1,left,af
651,0nihu,3.39,8.56,descending,model2,1,left,af
652,0nihu,2.84,5.73,descending,model2,1,left,af
653,0nihu,3.78,6.43,descending,model2,1,left,af
654,0nihu,4.06,5.55,rcca,model2,1,left,af
655,0nihu,4.34,6.32,rsub,model2,1,left,af
656,0nihu,2.15,4.4,descending,model2,1,left,af
657,0nihu,3.39,6.5,descending,model2,1,left,af
658,0nihu,3.71,4.88,descending,model2,1,left,af
659,0nihu,4.08,4.77,descending,model2,1,left,af
660,0nihu,5.29,10.51,descending,model1,1,right,af
661,0nihu,5.71,8.71,rsub,model1,1,right,af
662,0nihu,4.58,7.9,rsub,model1,1,right,af
663,0nihu,4.25,5.85,descending,model1,1,right,af
664,0nihu,3.73,9.61,rcca,model1,1,right,af
665,0nihu,3.84,7.77,lcca,model1,1,right,af
666,0nihu,3.74,10.91,rcca,model1,1,right,af
667,0nihu,6.27,9.02,descending,model1,1,right,af
668,0nihu,4.59,5.42,descending,model1,1,right,af
669,0nihu,5.76,7.08,descending,model1,1,right,af
670,0nihu,5.01,8.96,lcca,model1,1,right,af
671,0nihu,2.06,8.63,descending,model1,1,right,af
672,0nihu,3.53,6.55,lcca,model1,1,right,af
673,0nihu,3.82,5.1,rsub,model1,1,right,af
674,0nihu,2.35,6.4,rcca,model1,1,right,af
675,0nihu,3.47,7.49,lcca,model1,1,right,af
676,0nihu,5.71,9.76,lcca,model1,1,right,af
677,0nihu,4.07,6.98,descending,model1,1,right,af
678,0nihu,4.45,16.64,descending,model1,1,right,af
679,0nihu,6.97,9.1,descending,model1,1,right,af
680,0nihu,2.96,4.33,descending,model1,1,centre,af
681,0nihu,3.79,6.5,descending,model1,1,centre,af
682,0nihu,3.24,8.3,lsub,model1,1,centre,af
683,0nihu,2.87,7.58,descending,model1,1,centre,af
684,0nihu,3.24,6.51,descending,model1,1,centre,af
685,0nihu,4.56,5.33,descending,model1,1,centre,af
686,0nihu,3.19,14.24,descending,model1,1,centre,af
687,0nihu,3.74,9.41,descending,model1,1,centre,af
688,0nihu,4.41,8.63,lcca,model1,1,centre,af
689,0nihu,3.37,4.9,lcca,model1,1,centre,af
690,0nihu,4.9,5.55,descending,model1,1,centre,af
691,0nihu,4.24,8.91,descending,model1,1,centre,af
692,0nihu,3.45,7.42,descending,model1,1,centre,af
693,0nihu,4.96,8.14,lsub,model1,1,centre,af
694,0nihu,4.63,7.35,lsub,model1,1,centre,af
695,0nihu,5.08,7.09,rsub,model1,1,centre,af
696,0nihu,2.77,7.76,rsub,model1,1,centre,af
697,0nihu,6.06,5.4,descending,model1,1,centre,af
698,0nihu,3.09,4.92,descending,model1,1,centre,af
699,0nihu,6.33,6.96,lcca,model1,1,centre,af
700,0nihu,3.27,6.23,lsub,model1,1,left,af
701,0nihu,4.62,4.94,descending,model1,1,left,af
702,0nihu,3.26,11.82,descending,model1,1,left,af
703,0nihu,4.82,7.13,lsub,model1,1,left,af
704,0nihu,3.62,6.98,descending,model1,1,left,af
705,0nihu,3.45,7.56,descending,model1,1,left,af
706,0nihu,2.73,6.25,descending,model1,1,left,af
707,0nihu,3.13,6.13,descending,model1,1,left,af
708,0nihu,2.92,9.03,descending,model1,1,left,af
709,0nihu,2.53,5.42,descending,model1,1,left,af
710,0nihu,2.89,3.45,descending,model1,1,left,af
711,0nihu,2.59,6.34,descending,model1,1,left,af
712,0nihu,5.44,8.11,descending,model1,1,left,af
713,0nihu,3.67,6.59,descending,model1,1,left,af
714,0nihu,3.04,6.06,descending,model1,1,left,af
715,0nihu,3.29,5.74,descending,model1,1,left,af
716,0nihu,2.96,5.42,descending,model1,1,left,af
717,0nihu,2.79,9.22,descending,model1,1,left,af
718,0nihu,4.04,7.77,descending,model1,1,left,af
719,0nihu,5.0,6.5,descending,model1,1,left,af
720,0nihu,3.56,8.97,descending,model1,0,right,normal
721,0nihu,4.39,6.19,descending,model1,0,right,normal
722,0nihu,4.29,7.05,rsub,model1,0,right,normal
723,0nihu,5.14,5.88,descending,model1,0,right,normal
724,0nihu,4.37,6.94,descending,model1,0,right,normal
725,0nihu,4.31,8.86,descending,model1,0,right,normal
726,0nihu,3.59,11.0,descending,model1,0,right,normal
727,0nihu,3.93,5.76,descending,model1,0,right,normal
728,0nihu,3.84,8.94,descending,model1,0,right,normal
729,0nihu,2.96,6.78,rcca,model1,0,right,normal
730,0nihu,2.9,4.82,descending,model1,0,right,normal
731,0nihu,4.28,7.99,descending,model1,0,right,normal
732,0nihu,3.29,7.38,descending,model1,0,right,normal
733,0nihu,4.5,5.9,descending,model1,0,right,normal
734,0nihu,4.13,7.85,descending,model1,0,right,normal
735,0nihu,6.0,6.19,rsub,model1,0,right,normal
736,0nihu,3.41,3.6,descending,model1,0,right,normal
737,0nihu,5.15,6.3,rsub,model1,0,right,normal
738,0nihu,3.68,5.87,descending,model1,0,right,normal
739,0nihu,2.7,3.18,descending,model1,0,right,normal
740,0nihu,3.26,10.37,descending,model1,0,centre,normal
741,0nihu,3.16,8.73,lcca,model1,0,centre,normal
742,0nihu,5.58,5.56,descending,model1,0,centre,normal
743,0nihu,4.71,5.23,descending,model1,0,centre,normal
744,0nihu,1.36,2.89,lsub,model1,0,centre,normal
745,0nihu,4.58,4.62,descending,model1,0,centre,normal
746,0nihu,3.68,10.59,descending,model1,0,centre,normal
747,0nihu,2.73,2.77,lsub,model1,0,centre,normal
748,0nihu,3.26,7.32,descending,model1,0,centre,normal
749,0nihu,3.77,6.5,descending,model1,0,centre,normal
750,0nihu,4.31,6.59,rsub,model1,0,centre,normal
751,0nihu,3.58,5.91,descending,model1,0,centre,normal
752,0nihu,3.62,6.95,descending,model1,0,centre,normal
753,0nihu,5.62,6.3,descending,model1,0,centre,normal
754,0nihu,5.94,9.47,descending,model1,0,centre,normal
755,0nihu,5.32,7.49,descending,model1,0,centre,normal
756,0nihu,3.34,9.07,descending,model1,0,centre,normal
757,0nihu,4.61,6.97,rsub,model1,0,centre,normal
758,0nihu,2.72,6.06,descending,model1,0,centre,normal
759,0nihu,3.23,7.92,descending,model1,0,centre,normal
760,0nihu,4.3,11.0,descending,model1,0,left,normal
761,0nihu,3.85,7.67,lcca,model1,0,left,normal
762,0nihu,2.39,4.81,descending,model1,0,left,normal
763,0nihu,2.48,6.58,rsub,model1,0,left,normal
764,0nihu,5.67,3.09,descending,model1,0,left,normal
765,0nihu,3.8,10.01,descending,model1,0,left,normal
766,0nihu,4.61,7.24,descending,model1,0,left,normal
767,0nihu,4.02,7.93,descending,model1,0,left,normal
768,0nihu,7.91,8.26,descending,model1,0,left,normal
769,0nihu,2.76,5.03,descending,model1,0,left,normal
770,0nihu,2.62,14.91,descending,model1,0,left,normal
771,0nihu,4.26,5.02,rcca,model1,0,left,normal
772,0nihu,1.97,9.71,lsub,model1,0,left,normal
773,0nihu,2.25,7.92,descending,model1,0,left,normal
774,0nihu,3.3,11.66,rcca,model1,0,left,normal
775,0nihu,3.31,6.57,descending,model1,0,left,normal
776,0nihu,3.29,4.24,lsub,model1,0,left,normal
777,0nihu,3.97,6.29,descending,model1,0,left,normal
778,0nihu,4.64,5.36,lcca,model1,0,left,normal
779,0nihu,4.87,12.46,descending,model1,0,left,normal
780,0nihu,4.42,5.25,descending,model1,0,right,af
781,0nihu,2.1,6.76,descending,model1,0,right,af
782,0nihu,3.52,11.19,descending,model1,0,right,af
783,0nihu,3.98,7.74,descending,model1,0,right,af
784,0nihu,4.62,6.18,lsub,model1,0,right,af
785,0nihu,4.89,8.36,descending,model1,0,right,af
786,0nihu,3.95,4.13,descending,model1,0,right,af
787,0nihu,5.44,4.61,descending,model1,0,right,af
788,0nihu,3.93,8.7,descending,model1,0,right,af
789,0nihu,3.5,6.91,descending,model1,0,right,af
790,0nihu,3.5,6.33,rsub,model1,0,right,af
791,0nihu,4.22,8.57,descending,model1,0,right,af
792,0nihu,3.67,9.0,descending,model1,0,right,af
793,0nihu,3.62,7.21,lcca,model1,0,right,af
794,0nihu,4.23,9.35,lsub,model1,0,right,af
795,0nihu,3.84,5.76,descending,model1,0,right,af
796,0nihu,4.45,4.41,rsub,model1,0,right,af
797,0nihu,3.54,5.23,lsub,model1,0,right,af
798,0nihu,2.83,8.57,lsub,model1,0,right,af
799,0nihu,3.65,4.15,descending,model1,0,right,af
800,0nihu,3.49,8.16,rsub,model1,0,centre,af
801,0nihu,4.59,8.91,descending,model1,0,centre,af
802,0nihu,3.57,6.51,lsub,model1,0,centre,af
803,0nihu,4.34,7.85,descending,model1,0,centre,af
804,0nihu,4.42,8.54,descending,model1,0,centre,af
805,0nihu,4.72,5.32,descending,model1,0,centre,af
806,0nihu,4.17,7.46,rcca,model1,0,centre,af
807,0nihu,3.54,8.14,descending,model1,0,centre,af
808,0nihu,3.79,7.99,descending,model1,0,centre,af
809,0nihu,3.26,7.04,descending,model1,0,centre,af
810,0nihu,3.69,6.99,descending,model1,0,centre,af
811,0nihu,2.85,8.32,descending,model1,0,centre,af
812,0nihu,3.5,7.4,descending,model1,0,centre,af
813,0nihu,3.72,4.95,descending,model1,0,centre,af
814,0nihu,3.89,5.21,descending,model1,0,centre,af
815,0nihu,4.13,9.09,descending,model1,0,centre,af
816,0nihu,1.76,8.7,lsub,model1,0,centre,af
817,0nihu,3.24,6.02,rcca,model1,0,centre,af
818,0nihu,5.43,7.51,lsub,model1,0,centre,af
819,0nihu,3.59,8.3,descending,model1,0,centre,af
820,0nihu,6.5,6.37,lsub,model1,0,left,af
821,0nihu,3.26,6.67,descending,model1,0,left,af
822,0nihu,4.12,10.37,descending,model1,0,left,af
823,0nihu,4.62,6.0,lsub,model1,0,left,af
824,0nihu,3.11,9.58,descending,model1,0,left,af
825,0nihu,2.53,7.08,descending,model1,0,left,af
826,0nihu,4.84,8.52,lcca,model1,0,left,af
827,0nihu,4.01,5.2,lcca,model1,0,left,af
828,0nihu,2.56,5.09,descending,model1,0,left,af
829,0nihu,3.03,6.64,lsub,model1,0,left,af
830,0nihu,3.82,6.33,lsub,model1,0,left,af
831,0nihu,5.22,7.16,descending,model1,0,left,af
832,0nihu,4.38,8.26,rsub,model1,0,left,af
833,0nihu,4.75,9.35,descending,model1,0,left,af
834,0nihu,3.99,7.22,descending,model1,0,left,af
835,0nihu,4.42,6.04,descending,model1,0,left,af
836,0nihu,3.65,6.67,lcca,model1,0,left,af
837,0nihu,4.72,6.13,descending,model1,0,left,af
838,0nihu,4.7,5.56,descending,model1,0,left,af
839,0nihu,1.91,9.47,rcca,model1,0,left,af
840,5nihu,3.1,7.34,lsub,model1,0,left,normal
841,5nihu,3.85,6.9,lsub,model1,0,left,normal
842,5nihu,5.4,8.06,descending,model1,0,left,normal
843,5nihu,3.56,5.96,descending,model1,0,left,normal
844,5nihu,4.96,7.94,descending,model1,0,left,normal
845,5nihu,5.45,7.03,lcca,model1,0,left,normal
846,5nihu,3.16,9.05,descending,model1,0,left,normal
847,5nihu,1.86,15.73,descending,model1,0,left,normal
848,5nihu,4.25,8.96,lsub,model1,0,left,normal
849,5nihu,4.05,5.2,descending,model1,0,left,normal
850,5nihu,4.2,8.14,rsub,model1,0,centre,normal
851,5nihu,4.26,6.41,descending,model1,0,centre,normal
852,5nihu,3.17,7.15,descending,model1,0,centre,normal
853,5nihu,4.77,9.48,descending,model1,0,centre,normal
854,5nihu,4.11,9.58,descending,model1,0,centre,normal
855,5nihu,4.34,9.49,descending,model1,0,centre,normal
856,5nihu,4.51,7.35,descending,model1,0,centre,normal
857,5nihu,5.11,6.85,descending,model1,0,centre,normal
858,5nihu,3.34,13.04,lsub,model1,0,centre,normal
859,5nihu,2.81,12.57,descending,model1,0,centre,normal
860,5nihu,4.33,9.53,descending,model1,0,right,normal
861,5nihu,3.18,11.55,descending,model1,0,right,normal
862,5nihu,4.61,5.38,descending,model1,0,right,normal
863,5nihu,2.46,6.97,descending,model1,0,right,normal
864,5nihu,3.73,7.43,descending,model1,0,right,normal
865,5nihu,4.4,8.91,descending,model1,0,right,normal
866,5nihu,4.23,7.58,descending,model1,0,right,normal
867,5nihu,3.06,8.85,descending,model1,0,right,normal
868,5nihu,3.15,5.53,descending,model1,0,right,normal
869,5nihu,3.53,4.39,descending,model1,0,right,normal
870,5nihu,3.42,26.5,lcca,model1,0,left,normal
871,5nihu,4.44,16.87,descending,model1,0,left,normal
872,5nihu,4.19,23.8,descending,model1,0,left,normal
873,5nihu,5.2,27.56,descending,model1,0,left,normal
874,5nihu,5.99,18.24,descending,model1,0,left,normal
875,5nihu,5.06,26.39,descending,model1,0,centre,normal
876,5nihu,3.88,14.46,descending,model1,0,centre,normal
877,5nihu,3.91,25.7,descending,model1,0,centre,normal
878,5nihu,4.2,13.7,lcca,model1,0,centre,normal
879,5nihu,5.92,18.44,descending,model1,0,centre,normal
880,5nihu,4.21,20.31,lsub,model1,0,right,normal
881,5nihu,6.56,25.93,lcca,model1,0,right,normal
882,5nihu,5.96,30.59,descending,model1,0,right,normal
883,5nihu,3.98,13.56,descending,model1,0,right,normal
884,5nihu,5.79,18.27,descending,model1,0,right,normal
885,20nihu,3.38,6.4,rcca,model1,0,left,normal
886,20nihu,3.27,7.38,descending,model1,0,left,normal
887,20nihu,2.21,7.81,descending,model1,0,left,normal
888,20nihu,1.98,6.89,descending,model1,0,left,normal
889,20nihu,2.61,8.31,lsub,model1,0,left,normal
890,20nihu,2.5,9.81,lcca,model1,0,left,normal
891,20nihu,2.6,5.11,rcca,model1,0,left,normal
892,20nihu,3.43,6.3,descending,model1,0,left,normal
893,20nihu,3.52,5.41,descending,model1,0,left,normal
894,20nihu,4.11,5.35,descending,model1,0,left,normal
895,20nihu,2.66,8.53,rcca,model1,0,centre,normal
896,20nihu,3.18,7.94,descending,model1,0,centre,normal
897,20nihu,3.17,5.58,descending,model1,0,centre,normal
898,20nihu,1.24,10.1,descending,model1,0,centre,normal
899,20nihu,4.06,4.88,descending,model1,0,centre,normal
900,20nihu,2.17,5.81,descending,model1,0,centre,normal
901,20nihu,3.12,6.04,descending,model1,0,centre,normal
902,20nihu,3.74,4.2,descending,model1,0,centre,normal
903,20nihu,3.16,7.73,descending,model1,0,centre,normal
904,20nihu,3.6,6.83,descending,model1,0,centre,normal
905,20nihu,2.26,11.72,descending,model1,0,right,normal
906,20nihu,3.3,6.41,descending,model1,0,right,normal
907,20nihu,3.55,4.32,descending,model1,0,right,normal
908,20nihu,3.4,9.7,descending,model1,0,right,normal
909,20nihu,4.53,5.57,descending,model1,0,right,normal
910,20nihu,2.97,7.55,descending,model1,0,right,normal
911,20nihu,3.01,7.31,descending,model1,0,right,normal
912,20nihu,3.79,6.3,descending,model1,0,right,normal
913,20nihu,2.67,8.71,rcca,model1,0,right,normal
914,20nihu,3.0,6.27,descending,model1,0,right,normal
915,20nihu,5.82,17.06,descending,model1,0,left,normal
916,20nihu,5.01,24.46,descending,model1,0,left,normal
917,20nihu,4.62,25.16,descending,model1,0,left,normal
918,20nihu,3.38,22.39,descending,model1,0,left,normal
919,20nihu,4.32,26.48,descending,model1,0,left,normal
920,20nihu,6.1,16.3,descending,model1,0,centre,normal
921,20nihu,5.1,20.0,rsub,model1,0,centre,normal
922,20nihu,3.51,22.59,descending,model1,0,centre,normal
923,20nihu,6.58,18.71,descending,model1,0,centre,normal
924,20nihu,4.95,13.08,descending,model1,0,centre,normal
925,20nihu,2.82,13.09,descending,model1,0,right,normal
926,20nihu,4.8,19.69,descending,model1,0,right,normal
927,20nihu,5.16,34.6,rcca,model1,0,right,normal
928,20nihu,3.1,22.1,descending,model1,0,right,normal
929,20nihu,2.59,18.61,descending,model1,0,right,normal
930,10nihu,3.94,8.19,descending,model1,0,left,normal
931,10nihu,2.86,6.66,descending,model1,0,left,normal
932,10nihu,4.28,6.52,descending,model1,0,left,normal
933,10nihu,2.64,8.18,lsub,model1,0,left,normal
934,10nihu,4.45,3.63,descending,model1,0,left,normal
935,10nihu,3.35,5.45,descending,model1,0,left,normal
936,10nihu,2.69,6.25,lsub,model1,0,left,normal
937,10nihu,4.57,6.73,descending,model1,0,left,normal
938,10nihu,4.44,7.6,lsub,model1,0,left,normal
939,10nihu,2.98,5.36,descending,model1,0,left,normal
940,10nihu,5.78,6.58,descending,model1,0,centre,normal
941,10nihu,2.92,3.88,descending,model1,0,centre,normal
942,10nihu,2.69,5.72,lsub,model1,0,centre,normal
943,10nihu,3.64,8.05,rsub,model1,0,centre,normal
944,10nihu,4.51,5.95,lcca,model1,0,centre,normal
945,10nihu,2.1,4.05,descending,model1,0,centre,normal
946,10nihu,2.7,3.92,descending,model1,0,centre,normal
947,10nihu,4.03,7.55,lcca,model1,0,centre,normal
948,10nihu,3.03,7.98,lsub,model1,0,centre,normal
949,10nihu,4.15,6.01,descending,model1,0,centre,normal
950,10nihu,3.76,9.85,descending,model1,0,right,normal
951,10nihu,2.89,9.25,lsub,model1,0,right,normal
952,10nihu,2.63,7.68,descending,model1,0,right,normal
953,10nihu,2.24,6.57,descending,model1,0,right,normal
954,10nihu,3.23,6.15,rcca,model1,0,right,normal
955,10nihu,3.54,4.87,descending,model1,0,right,normal
956,10nihu,2.84,6.54,lsub,model1,0,right,normal
957,10nihu,2.88,7.09,descending,model1,0,right,normal
958,10nihu,2.96,5.13,descending,model1,0,right,normal
959,10nihu,3.11,6.97,lsub,model1,0,right,normal
960,10nihu,4.17,20.5,rsub,model1,0,left,normal
961,10nihu,4.17,14.14,rcca,model1,0,left,normal
962,10nihu,4.37,21.27,lsub,model1,0,left,normal
963,10nihu,2.31,14.66,descending,model1,0,left,normal
964,10nihu,4.55,7.27,descending,model1,0,left,normal
965,10nihu,6.54,9.51,descending,model1,0,centre,normal
966,10nihu,6.51,25.56,descending,model1,0,centre,normal
967,10nihu,5.74,23.16,descending,model1,0,centre,normal
968,10nihu,5.16,20.79,descending,model1,0,centre,normal
969,10nihu,6.17,14.21,descending,model1,0,centre,normal
970,10nihu,4.5,19.97,lcca,model1,0,right,normal
971,10nihu,4.24,28.31,descending,model1,0,right,normal
972,10nihu,3.91,13.25,descending,model1,0,right,normal
973,10nihu,3.28,25.66,rsub,model1,0,right,normal
974,10nihu,6.59,24.41,descending,model1,0,right,normal
975,5nihu,3.01,6.04,descending,model1,0,left,af
976,5nihu,2.86,6.12,descending,model1,0,left,af
977,5nihu,3.8,4.5,descending,model1,0,left,af
978,5nihu,3.63,7.51,descending,model1,0,left,af
979,5nihu,3.54,4.57,descending,model1,0,left,af
980,5nihu,2.28,4.88,descending,model1,0,left,af
981,5nihu,2.75,5.67,descending,model1,0,left,af
982,5nihu,3.64,5.37,descending,model1,0,left,af
983,5nihu,3.09,5.89,descending,model1,0,left,af
984,5nihu,4.36,7.59,descending,model1,0,left,af
985,5nihu,2.81,10.25,descending,model1,0,centre,af
986,5nihu,3.97,5.5,descending,model1,0,centre,af
987,5nihu,1.93,5.34,rsub,model1,0,centre,af
988,5nihu,3.47,4.28,descending,model1,0,centre,af
989,5nihu,2.15,5.75,descending,model1,0,centre,af
990,5nihu,2.42,5.63,lsub,model1,0,centre,af
991,5nihu,3.44,5.95,descending,model1,0,centre,af
992,5nihu,4.84,8.3,rsub,model1,0,centre,af
993,5nihu,5.14,6.3,lcca,model1,0,centre,af
994,5nihu,3.53,7.44,descending,model1,0,centre,af
995,5nihu,3.06,3.8,descending,model1,0,right,af
996,5nihu,3.85,4.86,descending,model1,0,right,af
997,5nihu,2.35,8.0,descending,model1,0,right,af
998,5nihu,2.99,6.36,descending,model1,0,right,af
999,5nihu,2.83,4.64,descending,model1,0,right,af
1000,5nihu,2.74,7.24,rcca,model1,0,right,af
1001,5nihu,3.55,5.62,lsub,model1,0,right,af
1002,5nihu,4.26,5.46,descending,model1,0,right,af
1003,5nihu,5.15,8.48,descending,model1,0,right,af
1004,5nihu,4.49,6.18,descending,model1,0,right,af
1005,5nihu,4.73,21.83,lcca,model1,0,left,af
1006,5nihu,5.44,19.36,descending,model1,0,left,af
1007,5nihu,4.31,14.03,descending,model1,0,left,af
1008,5nihu,3.4,17.49,descending,model1,0,left,af
1009,5nihu,3.23,13.5,descending,model1,0,left,af
1010,5nihu,4.24,30.09,descending,model1,0,centre,af
1011,5nihu,5.09,26.05,lcca,model1,0,centre,af
1012,5nihu,6.16,19.07,descending,model1,0,centre,af
1013,5nihu,4.48,13.06,descending,model1,0,centre,af
1014,5nihu,5.38,25.36,descending,model1,0,centre,af
1015,5nihu,6.02,38.48,descending,model1,0,right,af
1016,5nihu,3.65,18.04,descending,model1,0,right,af
1017,5nihu,5.05,27.82,lsub,model1,0,right,af
1018,5nihu,5.45,16.78,lcca,model1,0,right,af
1019,5nihu,7.52,8.67,descending,model1,0,right,af
1020,10nihu,2.42,8.01,descending,model1,0,left,af
1021,10nihu,3.4,9.49,lsub,model1,0,left,af
1022,10nihu,3.41,6.35,descending,model1,0,left,af
1023,10nihu,4.51,7.15,descending,model1,0,left,af
1024,10nihu,3.17,4.5,rsub,model1,0,left,af
1025,10nihu,3.68,5.88,rcca,model1,0,left,af
1026,10nihu,4.03,5.12,descending,model1,0,left,af
1027,10nihu,2.48,4.75,descending,model1,0,left,af
1028,10nihu,2.625,4.15,descending,model1,0,left,af
1029,10nihu,3.6,4.51,descending,model1,0,left,af
1030,10nihu,2.12,5.47,descending,model1,0,centre,af
1031,10nihu,4.54,4.72,descending,model1,0,centre,af
1032,10nihu,2.29,11.52,rcca,model1,0,centre,af
1033,10nihu,4.82,12.88,rsub,model1,0,centre,af
1034,10nihu,5.02,5.5,descending,model1,0,centre,af
1035,10nihu,3.19,10.7,descending,model1,0,centre,af
1036,10nihu,3.18,10.61,lsub,model1,0,centre,af
1037,10nihu,2.71,6.54,descending,model1,0,centre,af
1038,10nihu,4.1,7.18,descending,model1,0,centre,af
1039,10nihu,3.69,6.04,descending,model1,0,centre,af
1040,10nihu,3.01,7.1,descending,model1,0,right,af
1041,10nihu,2.71,7.15,descending,model1,0,right,af
1042,10nihu,4.85,5.44,lsub,model1,0,right,af
1043,10nihu,4.5,7.68,descending,model1,0,right,af
1044,10nihu,4.02,10.01,rcca,model1,0,right,af
1045,10nihu,4.1,8.37,descending,model1,0,right,af
1046,10nihu,3.16,7.57,rcca,model1,0,right,af
1047,10nihu,4.0,6.93,descending,model1,0,right,af
1048,10nihu,3.45,9.19,lcca,model1,0,right,af
1049,10nihu,5.18,8.61,descending,model1,0,right,af
1050,10nihu,5.17,28.49,descending,model1,0,left,af
1051,10nihu,3.15,28.97,descending,model1,0,left,af
1052,10nihu,3.99,24.56,descending,model1,0,left,af
1053,10nihu,5.29,21.12,descending,model1,0,left,af
1054,10nihu,4.11,19.8,descending,model1,0,left,af
1055,10nihu,5.18,19.37,lsub,model1,0,centre,af
1056,10nihu,3.79,16.29,descending,model1,0,centre,af
1057,10nihu,3.89,22.3,descending,model1,0,centre,af
1058,10nihu,5.96,27.37,lcca,model1,0,centre,af
1059,10nihu,3.58,20.04,descending,model1,0,centre,af
1060,10nihu,5.12,24.02,descending,model1,0,right,af
1061,10nihu,5.34,25.67,descending,model1,0,right,af
1062,10nihu,4.35,16.25,descending,model1,0,right,af
1063,10nihu,4.86,24.7,descending,model1,0,right,af
1064,10nihu,3.52,20.5,lcca,model1,0,right,af
1065,20nihu,3.2,10.59,descending,model1,0,left,af
1066,20nihu,3.45,9.36,rcca,model1,0,left,af
1067,20nihu,3.84,7.16,descending,model1,0,left,af
1068,20nihu,2.95,6.99,lcca,model1,0,left,af
1069,20nihu,3.24,8.35,descending,model1,0,left,af
1070,20nihu,5.72,7.4,lcca,model1,0,left,af
1071,20nihu,3.87,8.65,lsub,model1,0,left,af
1072,20nihu,2.47,12.55,descending,model1,0,left,af
1073,20nihu,4.36,5.32,descending,model1,0,left,af
1074,20nihu,3.09,7.4,lcca,model1,0,left,af
1075,20nihu,2.83,4.68,descending,model1,0,centre,af
1076,20nihu,3.09,6.32,descending,model1,0,centre,af
1077,20nihu,2.91,4.98,descending,model1,0,centre,af
1078,20nihu,4.41,6.98,descending,model1,0,centre,af
1079,20nihu,3.57,5.12,descending,model1,0,centre,af
1080,20nihu,2.4,5.4,lsub,model1,0,centre,af
1081,20nihu,4.05,7.18,descending,model1,0,centre,af
1082,20nihu,4.1,9.9,lcca,model1,0,centre,af
1083,20nihu,6.15,6.31,descending,model1,0,centre,af
1084,20nihu,3.9,8.03,descending,model1,0,centre,af
1085,20nihu,3.92,10.67,descending,model1,0,right,af
1086,20nihu,5.14,7.07,lcca,model1,0,right,af
1087,20nihu,3.37,6.52,rcca,model1,0,right,af
1088,20nihu,3.89,7.09,descending,model1,0,right,af
1089,20nihu,5.14,5.9,descending,model1,0,right,af
1090,20nihu,2.69,10.9,lcca,model1,0,right,af
1091,20nihu,3.46,9.14,descending,model1,0,right,af
1092,20nihu,2.36,8.92,descending,model1,0,right,af
1093,20nihu,3.05,5.93,descending,model1,0,right,af
1094,20nihu,4.44,6.52,descending,model1,0,right,af
1095,20nihu,4.98,11.39,descending,model1,0,left,af
1096,20nihu,4.41,26.31,descending,model1,0,left,af
1097,20nihu,3.04,16.24,descending,model1,0,left,af
1098,20nihu,4.58,17.38,descending,model1,0,left,af
1099,20nihu,4.31,23.12,descending,model1,0,left,af
1100,20nihu,3.41,27.31,descending,model1,0,centre,af
1101,20nihu,3.95,20.94,descending,model1,0,centre,af
1102,20nihu,4.0,17.94,descending,model1,0,centre,af
1103,20nihu,3.89,10.29,descending,model1,0,centre,af
1104,20nihu,4.25,16.84,descending,model1,0,centre,af
1105,20nihu,4.71,28.83,lcca,model1,0,right,af
1106,20nihu,4.41,20.94,descending,model1,0,right,af
1107,20nihu,3.04,17.94,descending,model1,0,right,af
1108,20nihu,4.58,10.29,descending,model1,0,right,af
1109,20nihu,4.31,16.84,descending,model1,0,right,af
1110,0nihu,4.25,5.98,descending,model1,0,left,normal
1111,0nihu,4.67,10.04,descending,model1,0,left,normal
1112,0nihu,3.72,20.7,lcca,model1,0,left,normal
1113,0nihu,2.77,33.03,lsub,model1,0,left,normal
1114,0nihu,3.41,29.33,descending,model1,0,left,normal
1115,0nihu,4.67,34.59,lcca,model1,0,left,normal
1116,0nihu,5.68,26.85,descending,model1,0,left,normal
1117,0nihu,6.35,17.06,descending,model1,0,left,normal
1118,0nihu,5.71,37.63,lsub,model1,0,left,normal
1119,0nihu,2.43,25.53,descending,model1,0,left,normal
1120,0nihu,5.58,6.93,descending,model1,0,centre,normal
1121,0nihu,3.99,18.87,descending,model1,0,centre,normal
1122,0nihu,4.63,13.46,lcca,model1,0,centre,normal
1123,0nihu,3.74,21.76,descending,model1,0,centre,normal
1124,0nihu,3.8,19.61,descending,model1,0,centre,normal
1125,0nihu,7.52,20.82,descending,model1,0,centre,normal
1126,0nihu,4.36,29.15,descending,model1,0,centre,normal
1127,0nihu,5.5,33.7,descending,model1,0,centre,normal
1128,0nihu,3.06,37.83,lcca,model1,0,centre,normal
1129,0nihu,4.78,20.19,descending,model1,0,centre,normal
1130,0nihu,4.65,5.86,descending,model1,0,right,normal
1131,0nihu,2.5,12.05,descending,model1,0,right,normal
1132,0nihu,4.56,20.01,descending,model1,0,right,normal
1133,0nihu,3.03,19.06,descending,model1,0,right,normal
1134,0nihu,4.01,18.94,lsub,model1,0,right,normal
1135,0nihu,5.56,31.96,descending,model1,0,right,normal
1136,0nihu,4.83,27.44,lcca,model1,0,right,normal
1137,0nihu,3.24,25.09,lsub,model1,0,right,normal
1138,0nihu,5.8,23.35,descending,model1,0,right,normal
1139,0nihu,4.78,32.39,descending,model1,0,right,normal
1140,0nihu,5.74,8.67,descending,model1,0,left,af
1141,0nihu,5.14,6.14,lsub,model1,0,left,af
1142,0nihu,5.1,10.35,descending,model1,0,left,af
1143,0nihu,5.06,29.64,descending,model1,0,left,af
1144,0nihu,7.34,17.14,lcca,model1,0,left,af
1145,0nihu,4.76,16.95,lcca,model1,0,left,af
1146,0nihu,1.55,23.41,descending,model1,0,left,af
1147,0nihu,3.08,23.56,rcca,model1,0,left,af
1148,0nihu,2.68,23.71,lcca,model1,0,left,af
1149,0nihu,4.72,19.03,lcca,model1,0,left,af
1150,0nihu,5.82,12.98,lcca,model1,0,centre,af
1151,0nihu,4.87,13.84,rsub,model1,0,centre,af
1152,0nihu,3.18,9.03,descending,model1,0,centre,af
1153,0nihu,3.5,18.01,lsub,model1,0,centre,af
1154,0nihu,4.58,25.82,descending,model1,0,centre,af
1155,0nihu,2.45,24.92,lsub,model1,0,centre,af
1156,0nihu,2.92,27.61,descending,model1,0,centre,af
1157,0nihu,3.71,19.78,rsub,model1,0,centre,af
1158,0nihu,2.38,23.66,descending,model1,0,centre,af
1159,0nihu,2.42,32.61,descending,model1,0,centre,af
1160,0nihu,5.11,24.23,lcca,model1,0,right,af
1161,0nihu,4.88,10.58,descending,model1,0,right,af
1162,0nihu,4.78,17.46,descending,model1,0,right,af
1163,0nihu,4.94,24.02,descending,model1,0,right,af
1164,0nihu,5.2,23.57,descending,model1,0,right,af
1165,0nihu,5.63,20.9,lcca,model1,0,right,af
1166,0nihu,5.6,26.31,lcca,model1,0,right,af
1167,0nihu,5.86,25.17,descending,model1,0,right,af
1168,0nihu,3.7,18.7,descending,model1,0,right,af
1169,0nihu,3.47,15.72,descending,model1,0,right,af
1170,0nihu,3.32,5.6,descending,model1,0,right,af
1171,0nihu,4.23,7.26,descending,model1,0,right,af
1172,0nihu,4.42,5.19,descending,model1,0,right,af
1173,0nihu,3.29,5.35,descending,model1,0,right,af
1174,0nihu,4.42,8.03,lsub,model1,0,right,af
1175,0nihu,3.76,5.35,rcca,model1,0,right,af
1176,0nihu,4.82,5.17,rcca,model1,0,right,af
1177,0nihu,2.65,6.28,descending,model1,0,right,af
1178,0nihu,4.11,6.49,descending,model1,0,right,af
1179,0nihu,3.32,6.08,lcca,model1,0,right,af
1180,0nihu,3.43,6.61,lsub,model1,0,centre,af
1181,0nihu,3.0,6.16,lsub,model1,0,centre,af
1182,0nihu,1.72,8.1,lsub,model1,0,centre,af
1183,0nihu,2.46,7.44,descending,model1,0,centre,af
1184,0nihu,4.81,6.88,descending,model1,0,centre,af
1185,0nihu,3.22,6.93,descending,model1,0,centre,af
1186,0nihu,4.21,6.04,descending,model1,0,centre,af
1187,0nihu,4.4,6.34,descending,model1,0,centre,af
1188,0nihu,2.06,2.62,descending,model1,0,centre,af
1189,0nihu,2.55,15.61,descending,model1,0,centre,af
1190,0nihu,2.78,5.05,descending,model1,0,left,af
1191,0nihu,4.19,8.15,descending,model1,0,left,af
1192,0nihu,6.25,3.23,rcca,model1,0,left,af
1193,0nihu,2.93,8.91,descending,model1,0,left,af
1194,0nihu,3.51,8.05,descending,model1,0,left,af
1195,0nihu,3.78,7.56,descending,model1,0,left,af
1196,0nihu,3.91,6.79,descending,model1,0,left,af
1197,0nihu,4.0,4.61,descending,model1,0,left,af
1198,0nihu,3.23,8.88,descending,model1,0,left,af
1199,0nihu,3.04,8.09,descending,model1,0,left,af
1200,0nihu,2.76,4.28,descending,model1,0,right,af
1201,0nihu,2.97,8.01,descending,model1,0,right,af
1202,0nihu,4.61,8.01,rsub,model1,0,right,af
1203,0nihu,3.59,5.3,rcca,model1,0,right,af
1204,0nihu,3.48,12.37,descending,model1,0,right,af
1205,0nihu,3.57,4.83,descending,model1,0,right,af
1206,0nihu,2.4,5.28,descending,model1,0,right,af
1207,0nihu,3.32,4.2,descending,model1,0,right,af
1208,0nihu,3.85,9.87,descending,model1,0,right,af
1209,0nihu,3.67,8.99,rsub,model1,0,right,af
1210,0nihu,3.52,6.04,descending,model1,0,centre,af
1211,0nihu,3.6,7.78,descending,model1,0,centre,af
1212,0nihu,3.98,9.27,descending,model1,0,centre,af
1213,0nihu,4.15,4.43,descending,model1,0,centre,af
1214,0nihu,3.9,6.02,descending,model1,0,centre,af
1215,0nihu,2.73,4.55,lsub,model1,0,centre,af
1216,0nihu,2.86,9.85,descending,model1,0,centre,af
1217,0nihu,2.93,8.45,descending,model1,0,centre,af
1218,0nihu,3.0,8.02,rsub,model1,0,centre,af
1219,0nihu,3.49,9.95,descending,model1,0,centre,af
1220,0nihu,3.36,6.88,descending,model1,0,left,af
1221,0nihu,4.07,8.74,descending,model1,0,left,af
1222,0nihu,2.36,7.58,descending,model1,0,left,af
1223,0nihu,4.72,4.78,descending,model1,0,left,af
1224,0nihu,3.84,8.99,descending,model1,0,left,af
1225,0nihu,3.74,2.41,descending,model1,0,left,af
1226,0nihu,3.54,5.28,rsub,model1,0,left,af
1227,0nihu,4.48,7.38,descending,model1,0,left,af
1228,0nihu,3.5,9.68,descending,model1,0,left,af
1229,0nihu,3.14,10.86,descending,model1,0,left,af
1230,0nihu,4.36,6.49,descending,model1,0,left,af
1231,0nihu,5.36,7.9,descending,model1,0,left,af
1232,0nihu,4.06,8.7,descending,model1,0,left,af
1233,0nihu,2.94,7.39,lsub,model1,0,left,af
1234,0nihu,4.57,5.67,descending,model1,0,left,af
1235,0nihu,2.72,7.06,lcca,model1,0,left,af
1236,0nihu,4.42,7.69,descending,model1,0,left,af
1237,0nihu,3.33,6.94,descending,model1,0,left,af
1238,0nihu,2.41,8.45,rcca,model1,0,left,af
1239,0nihu,5.2,6.9,descending,model1,0,left,af
1240,0nihu,3.71,6.86,lcca,model1,0,centre,af
1241,0nihu,4.19,7.82,descending,model1,0,centre,af
1242,0nihu,4.76,7.81,descending,model1,0,centre,af
1243,0nihu,3.53,8.07,descending,model1,0,centre,af
1244,0nihu,3.91,8.39,lsub,model1,0,centre,af
1245,0nihu,4.31,5.84,rsub,model1,0,centre,af
1246,0nihu,3.28,5.96,rcca,model1,0,centre,af
1247,0nihu,3.1,9.74,descending,model1,0,centre,af
1248,0nihu,2.94,12.34,lcca,model1,0,centre,af
1249,0nihu,4.74,11.92,lcca,model1,0,centre,af
1250,0nihu,3.39,7.3,descending,model1,0,right,af
1251,0nihu,2.45,10.08,descending,model1,0,right,af
1252,0nihu,2.64,7.48,descending,model1,0,right,af
1253,0nihu,3.61,9.78,descending,model1,0,right,af
1254,0nihu,3.16,6.98,descending,model1,0,right,af
1255,0nihu,4.38,5.62,descending,model1,0,right,af
1256,0nihu,3.58,9.44,lcca,model1,0,right,af
1257,0nihu,3.04,5.09,descending,model1,0,right,af
1258,0nihu,4.8,10.39,descending,model1,0,right,af
1259,0nihu,3.29,8.86,descending,model1,0,right,af
1260,0nihu,3.71,8.68,lcca,model1,0,left,af
1261,0nihu,4.43,8.98,lsub,model1,0,left,af
1262,0nihu,3.85,7.43,descending,model1,0,left,af
1263,0nihu,4.57,8.51,descending,model1,0,left,af
1264,0nihu,4.72,8.18,descending,model1,0,left,af
1265,0nihu,4.37,9.01,rcca,model1,0,left,af
1266,0nihu,5.1,6.31,descending,model1,0,left,af
1267,0nihu,4.26,6.34,lsub,model1,0,left,af
1268,0nihu,2.67,9.74,descending,model1,0,left,af
1269,0nihu,3.7,5.87,lsub,model1,0,left,af
1270,0nihu,3.59,7.46,rcca,model1,0,centre,af
1271,0nihu,5.25,7.54,lcca,model1,0,centre,af
1272,0nihu,3.91,11.97,descending,model1,0,centre,af
1273,0nihu,3.26,3.66,descending,model1,0,centre,af
1274,0nihu,3.43,6.48,rsub,model1,0,centre,af
1275,0nihu,4.15,2.97,descending,model1,0,centre,af
1276,0nihu,4.03,7.71,descending,model1,0,centre,af
1277,0nihu,3.53,6.91,lsub,model1,0,centre,af
1278,0nihu,4.82,11.09,descending,model1,0,centre,af
1279,0nihu,4.06,6.78,lsub,model1,0,centre,af
1280,0nihu,3.48,7.76,descending,model1,0,right,af
1281,0nihu,3.63,8.18,descending,model1,0,right,af
1282,0nihu,5.31,10.17,descending,model1,0,right,af
1283,0nihu,3.6,10.8,descending,model1,0,right,af
1284,0nihu,3.87,7.07,lcca,model1,0,right,af
1285,0nihu,3.08,8.1,rsub,model1,0,right,af
1286,0nihu,3.1,6.65,descending,model1,0,right,af
1287,0nihu,4.0,5.26,descending,model1,0,right,af
1288,0nihu,5.16,4.92,descending,model1,0,right,af
1289,0nihu,5.99,7.28,descending,model1,0,right,af
